constituency_name_eu,parliament_member,mp_position,region_name_eu,remain,leave
streatham,Chuka Umunna,remain,london,79.5,20.5
bristol west,Thangam Debbonaire,remain,south west,79.3,20.7
hackney north and stoke newington,Diane Abbott,remain,london,79.1,20.9
glasgow north,Patrick Grady,remain,scotland,78.4,21.6
islington north,Jeremy Corbyn,remain,london,78.4,21.6
foyle,Mark Durkan,remain,northern ireland,78.3,21.7
edinburgh north and leith,Deidre Brock,remain,scotland,78.2,21.8
dulwich and west norwood,Helen Hayes,remain,london,78.0,22.0
hackney south and shoreditch,Meg Hillier,remain,london,77.9,22.1
edinburgh south,Ian Murray,remain,scotland,77.8,22.2
vauxhall,Kate Hoey,leave,london,77.6,22.4
battersea,Jane Ellison,remain,london,77.0,23.0
hampstead and kilburn,Tulip Siddiq,remain,london,76.6,23.4
tottenham,David Lammy,remain,london,76.2,23.8
lewisham deptford,Vicky Foxcroft,remain,london,75.4,24.6
hornsey and wood green,Catherine West,remain,london,75.0,25.0
tooting,Rosena Allin-Khan,remain,london,74.7,25.3
east renfrewshire,Kirsten Oswald,remain,scotland,74.3,25.7
belfast west,Paul Maskey,remain,northern ireland,74.1,25.9
cambridge,Daniel Zeichner,remain,east,73.8,26.2
manchester withington,Jeff Smith,remain,north west,73.7,26.3
brighton pavilion,Caroline Lucas,remain,south east,73.4,26.6
east dunbartonshire,John Nicolson,remain,scotland,73.3,26.7
holborn and st pancras,Keir Starmer,remain,london,73.3,26.7
richmond park,Sarah Olney,remain,london,69.3,30.7
liverpool riverside,Louise Ellman,remain,north west,73.2,26.8
putney,Justine Greening,remain,london,73.2,26.8
bermondsey and old southwark,Neil Coyle,remain,london,73.0,27.0
edinburgh east,Tommy Sheppard,remain,scotland,72.4,27.6
edinburgh south west,Joanna Cherry,remain,scotland,72.1,27.9
glasgow south,Stewart McDonald,remain,scotland,71.8,28.2
islington south and finsbury,Emily Thornberry,remain,london,71.7,28.3
cities of london and westminster,Mark Field,remain,london,71.4,28.6
edinburgh west,Michelle Thomson,remain,scotland,71.2,28.8
glasgow central,Alison Thewliss,remain,scotland,71.2,28.8
ealing central and acton,Rupa Huq,remain,london,70.9,29.1
chelsea and fulham,Greg Hands,remain,london,70.8,29.2
wimbledon,Stephen Hammond,remain,london,70.6,29.4
camberwell and peckham,Harriet Harman,remain,london,69.9,30.1
cardiff central,Jo Stevens,remain,wales,69.7,30.3
sheffield central,Paul Blomfield,remain,yorkshire and the humber,69.6,30.4
belfast south,Alasdair McDonnell,remain,northern ireland,69.5,30.5
bethnal green and bow,Rushanara Ali,remain,london,69.1,30.9
finchley and golders green,Mike Freer,remain,london,69.1,30.9
hammersmith,Andy Slaughter,remain,london,69.0,31.0
kensington,Victoria Borwick,leave,london,68.7,31.3
glasgow north west,Carol Monaghan,remain,scotland,68.5,31.5
bath,Ben Howlett,remain,south west,68.4,31.6
aberdeen south,Callum McCaig,remain,scotland,67.7,32.3
stirling,Steven Paterson,remain,scotland,67.7,32.3
oxford east,Andrew David Smith,remain,south east,67.7,32.3
south down,Margaret Ritchie,remain,northern ireland,67.2,32.8
westminster north,Karen Patricia Buck,remain,london,67.1,32.9
west tyrone,Pat Doherty,remain,northern ireland,66.8,33.2
walthamstow,Stella Creasy,remain,london,66.5,33.5
birmingham hall green,Roger Godsiff,leave,west midlands,66.4,33.6
twickenham,Tania Mathias,remain,london,66.4,33.6
hove,Peter Kyle,remain,south east,66.1,33.9
paisley and renfrewshire south,Mhairi Black,remain,scotland,65.9,34.1
poplar and limehouse,Jim Fitzpatrick,remain,london,65.9,34.1
lewisham west and penge,Jim Dowd,remain,london,65.6,34.4
arfon,Hywel Williams,remain,wales,65.1,34.9
leeds north west,Greg Mulholland,remain,yorkshire and the humber,64.7,35.3
east lothian,George Kerevan,remain,scotland,64.6,35.4
lanark and hamilton east,Angela Crawley,remain,scotland,64.6,35.4
lewisham east,Heidi Alexander,remain,london,64.6,35.4
birmingham ladywood,Shabana Mahmood,remain,west midlands,64.4,35.6
greenwich and woolwich,Matthew Pennycook,remain,london,64.3,35.7
liverpool wavertree,Luciana Berger,remain,north west,64.2,35.8
sheffield hallam,Nick Clegg,remain,yorkshire and the humber,64.1,35.9
paisley and renfrewshire north,Gavin Newlands,remain,scotland,64.0,36.0
inverclyde,Ronnie Cowan,remain,scotland,63.8,36.2
manchester central,Lucy Powell,remain,north west,63.4,36.6
motherwell and wishaw,Marion Fellows,remain,scotland,63.1,36.9
leyton and wanstead,John Cryer,leave,london,62.9,37.1
newry and armagh,Mickey Brady,remain,northern ireland,62.9,37.1
leeds north east,Fabian Hamilton,remain,yorkshire and the humber,62.7,37.3
rutherglen and hamilton west,Margaret Ferrier,remain,scotland,62.7,37.3
st albans,Anne Main,leave,east,62.6,37.4
cumbernauld kilsyth and kirkintilloch east,Stuart McDonald,remain,scotland,62.1,37.9
east kilbride strathaven and lesmahagow,Lisa Cameron,remain,scotland,62.1,37.9
enfield southgate,David Burrowes,leave,london,62.1,37.9
manchester gorton,Gerald Kaufman,remain,north west,62.1,37.9
midlothian,Owen Thompson,remain,scotland,62.1,37.9
west dunbartonshire,Martin Docherty,remain,scotland,62.0,38.0
north east fife,Stephen Gethins,remain,scotland,61.9,38.1
oxford west and abingdon,Nicola Blackwood,remain,south east,61.9,38.1
dundee east,Stewart Hosie,remain,scotland,61.8,38.2
reading east,Rob Wilson,remain,south east,61.8,38.2
altrincham and sale west,Graham Brady,leave,north west,61.6,38.4
south cambridgeshire,Heidi Allen,remain,east,61.6,38.4
york central,Rachael Maskell,remain,yorkshire and the humber,61.5,38.5
west aberdeenshire and kincardine,Stuart Donaldson,remain,scotland,61.4,38.6
coatbridge chryston and bellshill,Phil Boswell,remain,scotland,61.3,38.7
cardiff north,Craig Williams,remain,wales,60.9,39.1
ochil and south perthshire,Tasmina Ahmed-Sheikh,remain,scotland,60.8,39.2
argyll and bute,Brendan O'Hara,remain,scotland,60.6,39.4
kilmarnock and loudoun,Alan Brown,remain,scotland,60.4,39.6
mid ulster,Francie Molloy,remain,northern ireland,60.4,39.6
hitchin and harpenden,Peter Lilley,leave,east,60.3,39.7
winchester,Steve Brine,remain,south east,60.3,39.7
airdrie and shotts,Neil Gray,remain,scotland,60.0,40.0
dunfermline and west fife,Douglas Chapman,remain,scotland,60.0,40.0
perth and north perthshire,Pete Wishart,remain,scotland,59.9,40.1
norwich south,Clive Lewis,remain,east,59.8,40.2
orkney and shetland,Alistair Carmichael,remain,scotland,59.7,40.3
south west surrey,Jeremy Hunt,remain,south east,59.4,40.6
glasgow north east,Anne McLaughlin,remain,scotland,59.3,40.7
chipping barnet,Theresa Villiers,leave,london,59.1,40.9
croydon north,Steve Reed,remain,london,59.1,40.9
glasgow south west,Chris Stephens,remain,scotland,59.1,40.9
dundee west,Chris Law,remain,scotland,58.9,41.1
guildford,Anne Milton,unknown,south east,58.9,41.1
newcastle upon tyne east,Nick Brown,remain,north east,58.9,41.1
warwick and leamington,Chris White,remain,west midlands,58.9,41.1
inverness nairn badenoch and strathspey,Drew Hendry,remain,scotland,58.7,41.3
rushcliffe,Kenneth Clarke,remain,east midlands,58.7,41.3
fermanagh and south tyrone,Tom Elliott,leave,northern ireland,58.6,41.4
kingston and surbiton,James Berry,remain,london,58.5,41.5
bristol north west,Charlotte Leslie,leave,south west,58.4,41.6
esher and walton,Dominic Raab,leave,south east,58.4,41.6
kirkcaldy and cowdenbeath,Roger Mullin,remain,scotland,58.4,41.6
linlithgow and east falkirk,Martyn Day,remain,scotland,58.4,41.6
ealing southall,Virendra Sharma,remain,london,58.2,41.8
falkirk,John McNally,remain,scotland,58.1,41.9
hendon,Matthew Offord,leave,london,58.1,41.9
north ayrshire and arran,Patricia Gibson,remain,scotland,57.8,42.2
central ayrshire,Philippa Whitford,remain,scotland,57.8,42.2
wokingham,John Redwood,leave,south east,57.6,42.4
leicester south,Jon Ashworth,remain,east midlands,57.5,42.5
swansea west,Geraint Davies,remain,wales,57.4,42.6
cheadle,Mary Robinson,remain,north west,57.3,42.7
cheltenham,Alex Chalk,remain,south west,57.3,42.7
city of chester,Chris Matheson,remain,north west,57.3,42.7
ayr carrick and cumnock,Corri Wilson,remain,scotland,57.1,42.9
brent central,Dawn Butler,remain,london,57.1,42.9
nottingham east,Chris Leslie,remain,east midlands,57.1,42.9
aberdeen north,Kirsty Blackman,remain,scotland,57.0,43.0
brent north,Barry Gardiner,remain,london,57.0,43.0
henley,John Howell,remain,south east,57.0,43.0
berwickshire roxburgh and selkirk,Calum Kerr,remain,scotland,56.8,43.2
brentford and isleworth,Ruth Cadbury,remain,london,56.7,43.3
ross skye and lochaber,Ian Blackford,remain,scotland,56.7,43.3
brighton kemptown,Simon Kirby,remain,south east,57.6,42.4
harrow west,Gareth Thomas,remain,london,56.6,43.4
glasgow east,Natalie McGarry,remain,scotland,56.2,43.8
ilford south,Mike Gapes,remain,london,56.2,43.8
livingston,Hannah Bardell,remain,scotland,56.2,43.8
dumfriesshire clydesdale and tweeddale,David Mundell,remain,scotland,56.1,43.9
woking,Jonathan Lord,leave,south east,56.0,44.0
city of durham,Roberta Blackman-Woods,remain,north east,55.7,44.3
gordon,Alex Salmond,remain,scotland,55.5,44.5
exeter,Ben Bradshaw,remain,south west,55.3,44.7
mitcham and morden,Siobhain McDonagh,remain,london,55.3,44.7
tunbridge wells,Greg Clark,remain,south east,55.3,44.7
wirral west,Margaret Greenwood,remain,north west,55.3,44.7
cardiff west,Kevin Brennan,remain,wales,55.2,44.8
na h eileanan an iar,Angus MacNeil,remain,scotland,55.2,44.8
cardiff south and penarth,Stephen Doughty,remain,wales,55.1,44.9
south east cambridgeshire,Lucy Frazer,remain,yorkshire and the humber,55.1,44.9
york outer,Julian Sturdy,leave,yorkshire and the humber,55.1,44.9
chesham and amersham,Cheryl Gillan,leave,south east,55.0,45.0
sefton central,Bill Esterson,remain,north west,54.9,45.1
canterbury,Julian Brazier,leave,south east,54.7,45.3
dumfries and galloway,Richard Arkless,remain,scotland,54.7,45.3
hexham,Guy Opperman,remain,north east,54.7,45.3
ceredigion,Mark Williams,remain,wales,54.6,45.4
maidenhead,Theresa May,remain,south east,54.6,45.4
edmonton,Kate Osamor,remain,london,54.5,45.5
southport,John Pugh,remain,north west,54.5,45.5
croydon south,Chris Philp,remain,london,54.2,45.8
pontypridd,Owen Smith,remain,wales,54.2,45.8
romsey and southampton north,Caroline Nokes,remain,south east,54.2,45.8
tatton,George Osborne,remain,north west,54.2,45.8
north east hampshire,Ranil Jayawardena,leave,south east,54.1,45.9
stroud,Neil Carmichael,remain,south west,54.1,45.9
windsor,Adam Afriyie,leave,south east,54.0,46.0
ealing north,Stephen Pound,remain,london,53.7,46.3
witney,Robert Courts,leave,south east,53.7,46.3
south west hertfordshire,David Gauke,remain,east,53.7,46.3
wantage,Ed Vaizey,remain,south east,53.6,46.4
glenrothes,Peter Grant,remain,scotland,53.6,46.4
kenilworth and southam,Jeremy Wright,remain,west midlands,53.5,46.5
nottingham south,Lilian Greenwood,remain,east midlands,53.5,46.5
mid sussex,Nicholas Soames,remain,south east,53.4,46.6
wirral south,Alison McGovern,remain,north west,53.4,46.6
bradford west,Naz Shah,remain,yorkshire and the humber,53.3,46.7
bristol east,Kerry McCarthy,remain,south west,53.2,46.8
stockport,Ann Coffey,remain,north west,53.2,46.8
lewes,Maria Caulfield,leave,south east,53.1,46.9
birmingham selly oak,Steve McCabe,remain,west midlands,53.1,46.9
east ham,Stephen Timms,remain,london,53.1,46.9
bristol south,Karin Smyth,remain,south west,52.9,47.1
truro and falmouth,Sarah Newton,remain,south west,52.9,47.1
harrogate and knaresborough,Andrew Jones,remain,yorkshire and the humber,52.8,47.2
birmingham edgbaston,Gisela Stuart,leave,west midlands,52.7,47.3
west ham,Lyn Brown,remain,london,52.7,47.3
leeds central,Hilary Benn,remain,yorkshire and the humber,52.5,47.5
westmorland and lonsdale,Tim Farron,remain,north west,52.6,47.4
harrow east,Bob Blackman,leave,london,52.5,47.5
newbury,Richard Benyon,remain,south east,52.5,47.5
mole valley,Paul Beresford,remain,south east,52.5,47.5
north down,Sylvia Hermon,remain,northern ireland,52.4,47.6
reigate,Crispin Blunt,leave,south east,52.3,47.7
the cotswolds,Geoffrey Clifton-Brown,leave,south west,52.3,47.7
garston and halewood,Maria Eagle,remain,north west,52.2,47.8
monmouth,David Davies,leave,wales,52.2,47.8
tynemouth,Alan Campbell,remain,north east,52.2,47.8
epsom and ewell,Chris Grayling,leave,south east,52.1,47.9
filton and bradley stoke,Jack Lopresti,leave,south west,52.1,47.9
north somerset,Liam Fox,leave,south west,52.1,47.9
east londonderry,Gregory Campbell,leave,northern ireland,52.0,48.0
wycombe,Steve Baker,leave,south east,52.0,48.0
angus,Mike Weir,remain,scotland,51.9,48.1
macclesfield,David Rutley,remain,north west,51.9,48.1
dwyfor meirionnydd,Liz Saville-Roberts,remain,wales,51.7,48.3
newcastle upon tyne central,Chi Onwurah,remain,north east,51.7,48.3
pudsey,Stuart Andrew,leave,yorkshire and the humber,51.7,48.3
beckenham,Bob Stewart,leave,london,51.6,48.4
stretford and urmston,Kate Green,remain,north west,51.6,48.4
buckingham,John Bercow,remain,south east,51.4,48.6
horsham,Jeremy Quin,remain,south east,51.4,48.6
east hampshire,Damian Hinds,remain,south east,51.3,48.7
coventry south,Jim Cunningham,remain,west midlands,51.1,48.9
ruislip northwood and pinner,Nick Hurd,remain,london,51.0,49.0
beaconsfield,Dominic Grieve,remain,south east,50.8,49.2
chingford and woodford green,Iain Duncan Smith,leave,london,50.8,49.2
enfield north,Joan Ryan,remain,london,50.8,49.2
hertford and stortford,Mark Prisk,remain,east,50.8,49.2
caithness sutherland and easter ross,Paul Monaghan,remain,scotland,50.6,49.4
belfast north,Nigel Dodds,leave,northern ireland,50.4,49.6
bridgend,Madeleine Moon,remain,wales,50.4,49.6
loughborough,Nicky Morgan,remain,east midlands,50.4,49.6
bromley and chislehurst,Bob Neill,remain,london,50.2,49.8
colne valley,Jason McCartney,leave,yorkshire and the humber,50.2,49.8
milton keynes north,Mark Lancaster,remain,south east,50.2,49.8
runnymede and weybridge,Philip Hammond,remain,south east,50.2,49.8
wythenshawe and sale east,Mike Kane,remain,north west,50.2,49.8
moray,Angus Robertson,remain,scotland,50.1,49.9
wallasey,Angela Eagle,remain,north west,50.1,49.9
gower,Byron Davies,remain,wales,49.9,50.1
weaver vale,Graham Evans,remain,north west,49.9,50.1
liverpool west derby,Stephen Twigg,remain,north west,49.8,50.2
croydon central,Gavin Barwell,remain,london,49.7,50.3
north wiltshire,James Gray,leave,south west,49.7,50.3
salisbury,John Glen,remain,south west,49.7,50.3
east devon,Hugo Swire,remain,south west,49.6,50.4
high peak,Andrew Bingham,leave,east midlands,49.5,50.5
banbury,Victoria Prentis,remain,south east,49.5,50.5
chelmsford,Simon Burns,remain,east,49.5,50.5
arundel and south downs,Nick Herbert,remain,south east,49.4,50.6
chichester,Andrew Tyrie,remain,south east,49.4,50.6
southampton test,Alan Whitehead,remain,south east,49.4,50.6
south antrim,Danny Kinahan,remain,northern ireland,49.4,50.6
warrington south,David Mowat,remain,north west,49.4,50.6
hertsmere,Oliver Dowden,remain,east,49.2,50.8
lancaster and fleetwood,Cat Smith,remain,north west,49.1,50.9
saffron walden,Alan Haselhurst,remain,east,49.1,50.9
somerton and frome,David Warburton,leave,south west,49.1,50.9
west dorset,Oliver Letwin,remain,south west,49.1,50.9
ynys mon,Albert Owen,remain,wales,49.1,50.9
colchester,Will Quince,leave,east,49.0,51.0
huddersfield,Barry Sheerman,remain,yorkshire and the humber,49.0,51.0
central devon,Mel Stride,remain,south west,48.9,51.1
south norfolk,Richard Bacon,leave,east,48.9,51.1
stratford on avon,Nadhim Zahawi,leave,west midlands,48.9,51.1
watford,Richard Harrington,remain,east,48.9,51.1
birmingham perry barr,Khalid Mahmood,remain,west midlands,48.8,51.2
derbyshire dales,Patrick McLoughlin,remain,east midlands,48.8,51.2
sutton and cheam,Paul Scully,leave,london,48.8,51.2
blackley and broughton,Graham Stringer,leave,north west,48.7,51.3
north east hertfordshire,Oliver Heald,remain,east,48.7,51.3
belfast east,Gavin Robinson,leave,northern ireland,48.6,51.4
devizes,Claire Perry,remain,south west,48.6,51.4
birmingham hodge hill,Liam Byrne,remain,west midlands,48.5,51.5
shipley,Philip Davies,leave,yorkshire and the humber,48.5,51.5
south swindon,Robert Buckland,remain,south west,48.5,51.5
leicester west,Liz Kendall,remain,east midlands,48.4,51.6
birkenhead,Frank Field,leave,north west,48.3,51.7
brecon and radnorshire,Christopher Davies,leave,wales,48.3,51.7
sutton coldfield,Andrew Mitchell,remain,west midlands,48.3,51.7
portsmouth south,Flick Drummond,remain,south east,48.2,51.8
eltham,Clive Efford,remain,london,48.2,51.8
bedford,Richard Fuller,leave,east,48.1,51.9
surrey heath,Michael Gove,leave,south east,48.1,51.9
aylesbury,David Lidington,remain,south east,47.9,52.1
north east somerset,Jacob Rees-Mogg,leave,south west,47.9,52.1
eddisbury,Antoinette Sandbach,remain,north west,47.8,52.2
harborough,Edward Garnier,remain,east midlands,47.8,52.2
hazel grove,William Wragg,leave,north west,47.8,52.2
mid bedfordshire,Nadine Dorries,leave,east,47.8,52.2
chippenham,Michelle Donelan,remain,south west,47.7,52.3
vale of glamorgan,Alun Cairns,remain,wales,47.7,52.3
broxtowe,Anna Soubry,remain,east midlands,47.6,52.4
knowsley,George Howarth,remain,north west,47.6,52.4
clwyd west,David Jones,leave,wales,47.5,52.5
ilford north,Wes Streeting,remain,london,47.5,52.5
mid derbyshire,Pauline Latham,remain,east midlands,47.5,52.5
tonbridge and malling,Tom Tugendhat,remain,south east,47.5,52.5
wealden,Nusrat Ghani,leave,south east,47.5,52.5
welwyn hatfield,Grant Shapps,remain,east,47.5,52.5
west worcestershire,Harriett Baldwin,remain,west midlands,47.5,52.5
congleton,Fiona Bruce,leave,north west,47.4,52.6
reading west,Alok Sharma,remain,south east,47.4,52.6
south northamptonshire,Andrea Leadsom,leave,east midlands,47.4,52.6
upper bann,David Simpson,leave,northern ireland,47.4,52.6
meon valley,George Hollingbery,remain,south east,47.1,52.9
milton keynes south,Iain Stewart,leave,south east,47.1,52.9
taunton deane,Rebecca Pow,remain,south west,47.1,52.9
shrewsbury and atcham,Daniel Kawczynski,leave,west midlands,47.0,53.0
newport west,Paul Flynn,remain,wales,47.0,53.0
skipton and ripon,Julian Smith,remain,yorkshire and the humber,47.0,53.0
lagan valley,Jeffrey Donaldson,leave,northern ireland,46.9,53.1
leicester east,Keith Vaz,remain,east midlands,46.9,53.1
bracknell,Phillip Lee,remain,south east,46.8,53.2
calder valley,Craig Whittaker,remain,yorkshire and the humber,46.8,53.2
huntingdon,Jonathan Djanogly,remain,east,46.8,53.2
north east bedfordshire,Alistair Burt,remain,east,46.8,53.2
aberconwy,Guto Bebb,remain,wales,46.7,53.3
keighley,Kris Hopkins,remain,yorkshire and the humber,46.7,53.3
solihull,Julian Knight,remain,west midlands,46.7,53.3
thornbury and yate,Luke Hall,remain,south west,46.7,53.3
wells,James Heappey,remain,south west,46.6,53.4
bournemouth east,Tobias Ellwood,remain,south west,46.5,53.5
basingstoke,Maria Miller,remain,south east,46.4,53.6
bury north,David Nuttall,leave,north west,46.4,53.6
east worthing and shoreham,Tim Loughton,leave,south east,46.4,53.6
salford and eccles,Rebecca Long-Bailey,remain,north west,46.4,53.6
blackburn,Kate Hollern,remain,north west,46.3,53.7
bury st edmunds,Jo Churchill,remain,east,46.3,53.7
carmarthen east and dinefwr,Jonathan Edwards,remain,wales,46.3,53.7
derby north,Amanda Solloway,remain,east midlands,46.3,53.7
tewkesbury,Laurence Robertson,leave,south west,46.3,53.7
worcester,Robin Walker,remain,west midlands,46.3,53.7
liverpool walton,Steve Rotheram,remain,north west,46.2,53.8
sevenoaks,Michael Fallon,remain,south east,46.2,53.8
rutland and melton,Alan Duncan,remain,east midlands,46.1,53.9
slough,Fiona Mactaggart,remain,south east,46.1,53.9
banff and buchan,Eilidh Whiteford,remain,scotland,46.0,54.0
broadland,Keith Simpson,remain,east,46.0,54.0
eastleigh,Mims Davies,leave,south east,46.0,54.0
totnes,Sarah Wollaston,remain,south west,46.0,54.0
wyre and preston north,Ben Wallace,remain,north west,46.0,54.0
east surrey,Sam Gyimah,remain,south east,45.9,54.1
south suffolk,James Cartlidge,remain,east,45.9,54.1
neath,Christina Rees,remain,wales,45.8,54.2
st ives,Derek Thomas,leave,south west,45.8,54.2
erith and thamesmead,Teresa Pearce,remain,london,45.7,54.3
central suffolk and north ipswich,Daniel Poulter,remain,east,45.6,54.4
plymouth sutton and devonport,Oliver Colvile,remain,south west,45.6,54.4
bury south,Ivan Lewis,remain,north west,45.5,54.5
north west hampshire,Kit Malthouse,leave,south east,45.5,54.5
richmond (yorks),Rishi Sunak,leave,yorkshire and the humber,45.4,54.6
wolverhampton south west,Rob Marris,remain,west midlands,45.6,54.4
delyn,David Hanson,remain,wales,45.3,54.7
bootle,Peter Dowd,remain,north west,45.2,54.8
leeds west,Rachel Reeves,remain,yorkshire and the humber,45.1,54.9
north west durham,Pat Glass,remain,north east,45.1,54.9
west lancashire,Rosie Cooper,remain,north west,45.1,54.9
southend west,David Amess,leave,east,45.0,55.0
caerphilly,Wayne David,remain,wales,44.9,55.1
hemel hempstead,Mike Penning,leave,east,44.9,55.1
bradford east,Imran Hussain,remain,yorkshire and the humber,44.8,55.2
east antrim,Sammy Wilson,leave,northern ireland,44.8,55.2
south west devon,Gary Streeter,remain,south west,44.8,55.2
carmarthen west and south pembrokeshire,Simon Hart,remain,wales,44.7,55.3
penrith and the border,Rory Stewart,remain,north west,44.7,55.3
fareham,Suella Fernandes,leave,south east,44.6,55.4
bromsgrove,Sajid Javid,remain,west midlands,44.6,55.4
haltemprice and howden,David Davis,leave,yorkshire and the humber,44.6,55.4
llanelli,Nia Griffith,remain,wales,44.6,55.4
luton south,Gavin Shuker,remain,east,44.6,55.4
berwick upon tweed,Anne-Marie Trevelyan,leave,north east,44.5,55.5
bolton west,Chris Green,leave,north west,44.5,55.5
strangford,Jim Shannon,leave,northern ireland,44.5,55.5
newark,Robert Jenrick,remain,east midlands,44.3,55.7
preseli pembrokeshire,Stephen Crabb,remain,wales,44.3,55.7
new forest west,Desmond Swayne,leave,south east,44.2,55.8
maidstone and the weald,Helen Grant,remain,south east,44.2,55.8
suffolk coastal,Therese Coffey,remain,east,44.2,55.8
feltham and heston,Seema Malhotra,remain,london,44.1,55.9
montgomeryshire,Glyn Davies,leave,wales,44.1,55.9
vale of clwyd,James Davies,leave,wales,44.1,55.9
gateshead,Ian Mearns,remain,north east,44.0,56.0
gedling,Vernon Coaker,remain,east midlands,43.9,56.1
newton abbot,Anne Marie Morris,leave,south west,43.9,56.1
st helens south and whiston,Marie Rimmer,remain,north west,43.9,56.1
wansbeck,Ian Lavery,remain,north east,43.9,56.1
worthing west,Peter Bottomley,remain,south east,43.9,56.1
hastings and rye,Amber Rudd,remain,south east,43.8,56.2
blaydon,David Anderson,remain,north east,43.7,56.3
carshalton and wallington,Tom Brake,remain,london,43.7,56.3
elmet and rothwell,Alec Shelbrooke,remain,yorkshire and the humber,43.7,56.3
uxbridge and south ruislip,Boris Johnson,leave,london,43.7,56.3
north dorset,Simon Hoare,remain,south west,43.6,56.4
thirsk and malton,Kevin Hollinrake,remain,yorkshire and the humber,43.6,56.4
chorley,Lindsay Hoyle,remain,north west,43.5,56.5
fylde,Mark Menzies,remain,north west,43.5,56.5
ipswich,Ben Gummer,remain,east,43.5,56.5
weston super mare,John Penrose,remain,south west,43.4,56.6
barrow and furness,John Woodcock,remain,north west,43.3,56.7
kingswood,Chris Skidmore,remain,south west,43.2,56.8
preston,Mark Hendrick,remain,north west,43.2,56.8
south ribble,Seema Kennedy,remain,north west,43.2,56.8
cynon valley,Ann Clwyd,remain,wales,43.1,56.9
north west cambridgeshire,Shailesh Vara,remain,east,43.1,56.9
poole,Robert Syms,leave,south west,43.1,56.9
north devon,Peter Heaton-Jones,remain,south west,43.0,57.0
torridge and west devon,Geoffrey Cox,leave,south west,43.0,57.0
newcastle upon tyne north,Catherine McKinnell,remain,north east,42.9,57.1
stevenage,Stephen McPartland,leave,east,42.9,57.1
dewsbury,Paula Sherriff,remain,yorkshire and the humber,42.8,57.2
stafford,Jeremy Lefroy,remain,west midlands,42.8,57.2
lincoln,Karl McCartney,leave,east midlands,42.7,57.3
norwich north,Chloe Smith,remain,east,42.7,57.3
wrexham,Ian Lucas,remain,wales,42.7,57.3
north swindon,Justin Tomlinson,leave,south west,42.6,57.4
lichfield,Michael Fabricant,leave,west midlands,42.5,57.5
orpington,Jo Johnson,remain,london,42.5,57.5
rochdale,Simon Danczuk,remain,north west,42.5,57.5
bexhill and battle,Huw Merriman,remain,south east,42.4,57.6
eastbourne,Caroline Ansell,leave,south east,42.4,57.6
sheffield heeley,Louise Haigh,remain,yorkshire and the humber,42.4,57.6
south west wiltshire,Andrew Murrison,leave,south west,42.4,57.6
tiverton and honiton,Neil Parish,remain,south west,42.4,57.6
selby and ainsty,Nigel Adams,leave,yorkshire and the humber,42.4,57.6
alyn and deeside,Mark Tami,remain,wales,42.3,57.7
bolton north east,David Crausby,remain,north west,42.3,57.7
ellesmere port and neston,Justin Madders,remain,north west,42.3,57.7
bournemouth west,Conor Burns,leave,south west,42.2,57.8
halton,Derek Twigg,remain,north west,42.2,57.8
stockton south,James Wharton,leave,north east,42.2,57.8
mid dorset and north poole,Michael Tomlinson,leave,south west,42.1,57.9
darlington,Jenny Chapman,remain,north east,42.0,58.0
forest of dean,Mark Harper,remain,south west,42.0,58.0
meriden,Caroline Spelman,remain,west midlands,42.0,58.0
stone,Bill Cash,leave,west midlands,42.0,58.0
aldershot,Gerald Howarth,leave,south east,41.8,58.2
charnwood,Ed Argar,remain,east midlands,41.8,58.2
faversham and mid kent,Helen Whately,remain,south east,41.8,58.2
luton north,Kelvin Hopkins,leave,east,41.8,58.2
north herefordshire,Bill Wiggin,leave,west midlands,41.8,58.2
north norfolk,Norman Lamb,remain,east,41.8,58.2
south leicestershire,Alberto Costa,remain,east midlands,41.8,58.2
st helens north,Conor McGinn,remain,north west,41.8,58.2
the wrekin,Mark Pritchard,remain,west midlands,41.8,58.2
rugby,Mark Pawsey,remain,west midlands,41.7,58.3
south east cornwall,Sheryll Murray,leave,south west,41.7,58.3
crawley,Henry Smith,leave,south east,41.6,58.4
merthyr tydfil and rhymney,Gerald Jones,remain,wales,41.6,58.4
ludlow,Philip Dunne,remain,west midlands,41.5,58.5
rossendale and darwen,Jake Berry,remain,north west,41.5,58.5
coventry north west,Geoffrey Robinson,remain,west midlands,41.4,58.6
ribble valley,Nigel Evans,leave,north west,41.4,58.6
south west bedfordshire,Andrew Selous,remain,east,41.4,58.6
warrington north,Helen Jones,remain,north west,41.4,58.6
beverley and holderness,Graham Stuart,remain,yorkshire and the humber,41.3,58.7
daventry,Chris Heaton-Harris,leave,east midlands,41.3,58.7
halifax,Holly Lynch,remain,yorkshire and the humber,41.2,58.8
islwyn,Chris Evans,remain,wales,45.3,54.7
gloucester,Richard Graham,remain,south west,41.1,58.9
mid worcestershire,Nigel Huddleston,remain,west midlands,41.1,58.9
morecambe and lunesdale,David Morris,remain,north west,41.1,58.9
sedgefield,Phil Wilson,remain,north east,41.1,58.9
crewe and nantwich,Edward Timpson,remain,north west,41.0,59.0
coventry north east,Colleen Fletcher,remain,west midlands,40.8,59.2
yeovil,Marcus Fysh,leave,south west,40.8,59.2
chesterfield,Toby Perkins,remain,east midlands,40.7,59.3
north tyneside,Mary Glindon,remain,north east,40.7,59.3
stalybridge and hyde,Jonathan Reynolds,leave,north west,40.7,59.3
hayes and harlington,John McDonnell,remain,london,40.6,59.4
north shropshire,Owen Paterson,leave,west midlands,40.6,59.4
south dorset,Richard Drax,leave,south west,40.6,59.4
new forest east,Julian Lewis,leave,south east,40.5,59.5
north cornwall,Scott Mann,leave,south west,40.5,59.5
ashford,Damian Green,remain,south east,40.5,59.5
northampton south,David Mackintosh,remain,east midlands,40.4,59.6
morley and outwood,Andrea Jenkyns,leave,yorkshire and the humber,40.3,59.7
ogmore,Chris Elmore,remain,wales,40.3,59.7
blyth valley,Ronnie Campbell,leave,north east,40.2,59.8
christchurch,Christopher Chope,leave,south west,40.2,59.8
copeland,Trudy Harrison,remain,north west,40.2,59.8
worsley and eccles south,Barbara Keeley,remain,north west,40.2,59.8
aberavon,Stephen Kinnock,remain,wales,40.1,59.9
kingston upon hull north,Diana Johnson,remain,yorkshire and the humber,40.1,59.9
oldham east and saddleworth,Debbie Abrahams,remain,north west,40.1,59.9
southampton itchen,Royston Smith,leave,south east,40.1,59.9
sunderland central,Julie Elliott,remain,north east,40.0,60.0
birmingham yardley,Jess Phillips,remain,west midlands,39.9,60.1
corby,Tom Pursglove,leave,east midlands,39.9,60.1
hereford and south herefordshire,Jesse Norman,remain,west midlands,39.9,60.1
north durham,Kevan Jones,remain,north east,39.9,60.1
clwyd south,Susan Jones,remain,wales,39.8,60.2
newport east,Jessica Morden,remain,wales,39.8,60.2
barking,Margaret Hodge,remain,london,39.7,60.3
batley and spen,Tracy Brabin,remain,yorkshire and the humber,39.7,60.3
south derbyshire,Heather Wheeler,leave,east midlands,39.7,60.3
spelthorne,Kwasi Kwarteng,leave,south east,39.7,60.3
workington,Sue Hayman,remain,north west,39.7,60.3
carlisle,John Stevenson,remain,north west,39.6,60.4
rochford and southend east,James Duddridge,leave,east,39.6,60.4
mid norfolk,George Freeman,remain,east,39.5,60.5
bishop auckland,Helen Goodman,remain,north east,39.4,60.6
northampton north,Michael Ellis,remain,east midlands,39.4,60.6
bosworth,David Tredinnick,remain,east midlands,39.3,60.7
north west leicestershire,Andrew Bridgen,leave,east midlands,39.3,60.7
brentwood and ongar,Eric Pickles,remain,east,39.2,60.8
torfaen,Nick Thomas-Symonds,remain,wales,39.2,60.8
witham,Priti Patel,leave,east,39.2,60.8
leeds east,Richard Burgon,remain,yorkshire and the humber,39.1,60.9
denton and reddish,Andrew Gwynne,remain,north west,39.0,61.0
epping forest,Eleanor Laing,unknown,east,39.0,61.0
grantham and stamford,Nick Boles,remain,east midlands,39.0,61.0
harwich and north essex,Bernard Jenkin,leave,east,39.0,61.0
kettering,Philip Hollobone,leave,east midlands,39.0,61.0
rhondda,Chris Bryant,remain,wales,38.8,61.2
maldon,John Whittingdale,leave,east,38.7,61.3
penistone and stocksbridge,Angela Smith,remain,yorkshire and the humber,38.7,61.3
scarborough and whitby,Robert Goodwill,remain,yorkshire and the humber,38.7,61.3
braintree,James Cleverly,leave,east,38.6,61.4
redditch,Karen Lumley,leave,west midlands,38.6,61.4
sheffield brightside and hillsborough,Gill Furniss,remain,yorkshire and the humber,38.6,61.4
sleaford and north hykeham,Caroline Johnson,leave,east midlands,38.5,61.5
derby south,Margaret Beckett,remain,east midlands,38.4,61.6
jarrow,Stephen Hepburn,remain,north east,38.4,61.6
newcastle under lyme,Paul Farrelly,remain,west midlands,38.4,61.6
south thanet,Craig Mackinlay,leave,south east,38.4,61.6
walsall south,Valerie Vaz,remain,west midlands,38.4,61.6
ashton under lyne,Angela Rayner,remain,north west,38.2,61.8
birmingham northfield,Richard Burden,remain,west midlands,38.2,61.8
folkestone and hythe,Damian Collins,remain,south east,38.2,61.8
warley,John Spellar,remain,west midlands,38.2,61.8
gosport,Caroline Dinenage,remain,south east,38.1,61.9
washington and sunderland west,Sharon Hodgson,remain,north east,38.1,61.9
isle of wight,Andrew Turner,leave,south east,38.1,61.9
blaenau gwent,Nick Smith,remain,wales,38.0,62.0
gainsborough,Edward Leigh,leave,east midlands,38.0,62.0
swansea east,Carolyn Harris,remain,wales,38.0,62.0
bridgwater and west somerset,Ian Liddell-Grainger,leave,south west,37.9,62.1
north east derbyshire,Natascha Engel,remain,east midlands,37.9,62.1
oldham west and royton,Jim McMahon,remain,north west,37.9,62.1
peterborough,Stewart Jackson,leave,east,37.9,62.1
south shields,Emma Lewell-Buck,remain,north east,37.9,62.1
north antrim,"Ian Paisley, Jr.",leave,northern ireland,37.8,62.2
havant,Alan Mak,remain,south east,37.6,62.4
heywood and middleton,Liz McInnes,remain,north west,37.6,62.4
st austell and newquay,Steve Double,leave,south west,37.6,62.4
wakefield,Mary Creagh,remain,yorkshire and the humber,37.4,62.6
houghton and sunderland south,Bridget Phillipson,remain,north east,37.4,62.6
torbay,Kevin Foster,remain,south west,37.4,62.6
camborne and redruth,George Eustice,leave,south west,37.3,62.7
wigan,Lisa Nandy,remain,north west,37.3,62.7
wellingborough,Peter Bone,leave,east midlands,37.1,62.9
birmingham erdington,Jack Dromey,remain,west midlands,37.0,63.0
dover,Charlie Elphicke,remain,south east,36.9,63.1
old bexley and sidcup,James Brokenshire,remain,london,36.9,63.1
wyre forest,Mark Garnier,remain,west midlands,36.9,63.1
pendle,Andrew Stephenson,leave,north west,36.8,63.2
west suffolk,Matthew Hancock,unknown,east,36.8,63.2
waveney,Peter Aldous,remain,east,36.8,63.2
east yorkshire,Greg Knight,leave,yorkshire and the humber,36.7,63.3
erewash,Maggie Throup,remain,east midlands,36.7,63.3
bolton south east,Yasmin Qureshi,remain,north west,36.6,63.4
leigh,Andy Burnham,remain,north west,36.6,63.4
bradford south,Judith Cummins,remain,yorkshire and the humber,36.5,63.5
gillingham and rainham,Rehman Chishti,leave,south east,36.5,63.5
portsmouth north,Penny Mordaunt,leave,south east,36.4,63.6
stourbridge,Margot James,remain,west midlands,36.4,63.6
rochester and strood,Kelly Tolhurst,remain,south east,36.3,63.7
sherwood,Mark Spencer,remain,east midlands,36.3,63.7
nottingham north,Graham Allen,remain,east midlands,36.2,63.8
dartford,Gareth Johnson,leave,south east,36.0,64.0
bognor regis and littlehampton,Nick Gibb,remain,south east,35.8,64.2
staffordshire moorlands,Karen Bradley,remain,west midlands,35.5,64.5
burton,Andrew Griffiths,remain,west midlands,35.4,64.6
chatham and aylesford,Tracey Crouch,unknown,south east,35.3,64.7
nuneaton,Marcus Jones,remain,west midlands,35.3,64.7
north thanet,Roger Gale,remain,south east,35.1,64.9
bexleyheath and crayford,David Evennett,remain,london,35.0,65.0
makerfield,Yvonne Fovargue,remain,north west,35.0,65.0
middlesbrough south and east cleveland,Tom Blenkinsop,remain,north east,35.0,65.0
stoke on trent central,Gareth Snell,remain,west midlands,35.0,65.0
south staffordshire,Gavin Williamson,remain,west midlands,34.8,65.2
amber valley,Nigel Mills,leave,east midlands,34.7,65.3
gravesham,Adam Holloway,leave,south east,34.6,65.4
hyndburn,Graham Jones,remain,north west,34.3,65.7
sittingbourne and sheppey,Gordon Henderson,leave,south east,34.3,65.7
middlesbrough,Andy McDonald,remain,north east,34.0,66.0
tamworth,Christopher Pincher,leave,west midlands,34.0,66.0
broxbourne,Charles Walker,leave,east,34.2,65.8
north west norfolk,Henry Bellingham,leave,east,33.9,66.1
brigg and goole,Andrew Percy,leave,yorkshire and the humber,33.8,66.2
south west norfolk,Elizabeth Truss,remain,east,33.8,66.2
doncaster central,Rosie Winterton,remain,yorkshire and the humber,33.7,66.3
halesowen and rowley regis,James Morris,remain,west midlands,33.7,66.3
plymouth moor view,Johnny Mercer,remain,south west,33.6,66.4
sheffield south east,Clive Betts,remain,yorkshire and the humber,33.6,66.4
easington,Grahame Morris,remain,north east,33.5,66.5
stockton north,Alex Cunningham,remain,north east,33.5,66.5
burnley,Julie Cooper,remain,north west,33.4,66.6
rother valley,Kevin Barron,remain,yorkshire and the humber,33.3,66.7
blackpool north and cleveleys,Paul Maynard,leave,north west,33.2,66.8
basildon and billericay,John Baron,leave,east,33.1,66.9
telford,Lucy Allan,leave,west midlands,33.0,67.0
redcar,Anna Turley,remain,north east,32.5,67.5
west bromwich east,Tom Watson,remain,west midlands,32.5,67.5
north warwickshire,Craig Tracey,leave,west midlands,32.3,67.7
wolverhampton north east,Emma Reynolds,remain,west midlands,32.3,67.7
aldridge brownhills,Wendy Morton,remain,west midlands,32.2,67.8
blackpool south,Gordon Marsden,remain,north west,32.2,67.8
kingston upon hull west and hessle,Alan Johnson,remain,yorkshire and the humber,32.2,67.8
rayleigh and wickford,Mark Francois,leave,east,32.2,67.8
harlow,Robert Halfon,remain,east,32.0,68.0
hemsworth,Jon Trickett,remain,yorkshire and the humber,31.9,68.1
wolverhampton south east,Pat McFadden,remain,west midlands,31.8,68.2
barnsley central,Dan Jarvis,remain,yorkshire and the humber,31.7,68.3
bassetlaw,John Mann,leave,east midlands,31.7,68.3
rotherham,Sarah Champion,remain,yorkshire and the humber,31.7,68.3
cleethorpes,Martin Vickers,leave,yorkshire and the humber,31.6,68.4
don valley,Caroline Flint,remain,yorkshire and the humber,31.5,68.5
cannock chase,Amanda Milling,remain,west midlands,31.1,68.9
wentworth and dearne,John Healey,remain,yorkshire and the humber,31.1,68.9
scunthorpe,Nic Dakin,remain,yorkshire and the humber,31.0,69.0
west bromwich west,Adrian Bailey,remain,west midlands,30.9,69.1
romford,Andrew Rosindell,leave,london,30.8,69.2
normanton pontefract and castleford,Yvette Cooper,remain,yorkshire and the humber,30.7,69.3
hornchurch and upminster,Angela Watkinson,remain,london,30.6,69.4
louth and horncastle,Victoria Atkins,remain,east midlands,30.6,69.4
north east cambridgeshire,Stephen Barclay,leave,east,30.6,69.4
hartlepool,Iain Wright,remain,north east,30.4,69.6
dagenham and rainham,Jon Cruddas,remain,london,30.1,69.9
clacton,Douglas Carswell,leave,east,30.0,70.0
bolsover,Dennis Skinner,leave,east midlands,29.8,70.2
thurrock,Jackie Doyle-Price,remain,east,29.8,70.2
dudley south,Mike Wood,leave,west midlands,29.6,70.4
ashfield,Gloria De Piero,remain,east midlands,29.5,70.5
barnsley east,Michael Dugher,remain,yorkshire and the humber,29.3,70.7
stoke on trent south,Robert Flello,remain,west midlands,29.2,70.8
mansfield,Alan Meale,remain,east midlands,29.1,70.9
south holland and the deepings,John Hayes,leave,east midlands,28.9,71.1
dudley north,Ian Austin,remain,west midlands,28.6,71.4
great grimsby,Melanie Onn,remain,yorkshire and the humber,28.6,71.4
great yarmouth,Brandon Lewis,remain,east,28.5,71.5
doncaster north,Ed Miliband,remain,yorkshire and the humber,28.0,72.0
stoke on trent north,Ruth Smeeth,remain,west midlands,27.9,72.1
kingston upon hull east,Karl Turner,remain,yorkshire and the humber,27.4,72.6
castle point,Rebecca Harris,leave,east,27.3,72.7
south basildon and east thurrock,Stephen Metcalfe,leave,east,27.0,73.0
walsall north,David Winnick,remain,west midlands,25.8,74.2
boston and skegness,Matt Warman,remain,east midlands,25.1,74.9
